{
  "MAE": 12.886456320718098,
  "MSE": 323.38418900793243,
  "RMSE": 17.982886003306934,
  "R2": 0.12310012848141882,
  "MAPE": 69.98234771512423,
  "tol_2pct": 0.04827586206896552,
  "tol_5pct": 0.2896551724137931
}