model,MAE,MSE,RMSE,R2,MAPE,tolerance_acc_2pct
GRU,9.275809104339837,134.65458890701777,11.604076391812395,0.6348659095727935,15.248492181524448,0.19310344827586207
Vanilla LSTM,10.561354979478219,155.95773910638056,12.488304092485118,0.5770995427937917,14.375050332959946,0.15862068965517243
Bidirectional LSTM,11.134867385317946,167.3343794115467,12.935779041540046,0.5462502472468515,17.124593156141298,0.10689655172413794
Attention LSTM,14.181327172488002,288.23989200564256,16.977629163273726,0.21839863277892768,24.827876450140888,0.15862068965517243
