{
  "version": "v2.0",
  "timestamp": "2026-02-25T18:16:44.705048",
  "total_models": 12,
  "passed_models": 5,
  "pass_rate_pct": 41.66666666666667,
  "best_model": "extra_trees",
  "best_within_5pct": 99.27007299270073,
  "best_r2": 0.9545111863206289,
  "mean_within_5pct": 77.38746958637469,
  "train_samples": 2130,
  "test_samples": 548,
  "batteries": 30
}