{
  "timestamp": "2026-02-25T16:31:44.904601",
  "test_samples": 548,
  "test_batteries": 30,
  "total_models_tested": 16,
  "models_passed_95pct": 1,
  "overall_pass_rate_pct": 6.25,
  "best_model": "random_forest",
  "best_within_5pct": 95.07299270072993,
  "mean_within_5pct": 53.809306569343065
}