{
  "MAE": 8.494939970437716,
  "MSE": 100.78674732190278,
  "RMSE": 10.039260297546965,
  "R2": 0.7267031327397879,
  "MAPE": 14.250142040133243,
  "tol_2pct": 0.09310344827586207
}